{
   "name": "swade-rules",
   "title": "Rule Set: SWADE",
   "description": "Basic SWADE rules and data",
   "author": "Pinnacle Entertianment Group",
   "version": "0.9.2",
   "minimumCoreVersion": "0.7.5",
   "compatibleCoreVersion":"0.7.7",
   "systems": ["swade"],
   "url": "https://github.com/Freewolf2000/swade-rules",
   "manifest": "https://raw.githubusercontent.com/Freewolf2000/swade-rules/master/swade-rules/module.json",
   "download": "https://github.com/Freewolf2000/swade-rules/raw/master/swade-rules.zip",
   "packs": [
    {
      "name": "Edges-SWADE",
      "label": " Edges SWADE",
      "system": "swade",
      "path": "./packs/edges-swade.db",
      "entity": "Item",
      "module": "swade-rules"
    },
    {
      "name": "Hindrances-SWADE",
      "label": "Hindrances SWADE",
      "system": "swade",
      "path": "./packs/hindrances-swade.db",
      "entity": "Item",
      "module": "swade-rules"
    },
    {
      "name": "Powers-SWADE",
      "label": "Powers SWADE",
      "system": "swade",
      "path": "./packs/powers-swade.db",
      "entity": "Item",
      "module": "swade-rules"
    },
    {
      "name": "Skills-SWADE",
      "label": "Skills SWADE",
      "system": "swade",
      "path": "./packs/skills-swade.db",
      "entity": "Item",
      "module": "swade-rules"
    },
    {
      "name": "Monster-Creation-SWADE",
      "label": "Monster Creation SWADE",
      "system": "swade",
      "path": "./packs/monster-creation-swade.db",
      "entity": "Item",
      "module": "swade-rules"
    },
    {
      "name": "Arms-and-Armor-SWADE",
      "label": "Arms and Armor SWADE",
      "system": "swade",
      "path": "./packs/arms-and-armor-swade.db",
      "entity": "Item",
      "module": "swade-rules"
    },
    {
      "name": "Gear-SWADE",
      "label": "Gear SWADE",
      "system": "swade",
      "path": "./packs/gear-swade.db",
      "entity": "Item",
      "module": "swade-rules"
    },
    {
      "name": "Adventure-Toolkit-SWADE",
      "label": "The Adventure Toolkit SWADE",
      "system": "swade",
      "path": "./packs/adventure-toolkit-swade.db",
      "entity": "JournalEntry",
      "module": "swade-rules"
    },
    {
      "name": "Combat-And-Healing-SWADE",
      "label": "Combat and Healing SWADE",
      "system": "swade",
      "path": "./packs/combat-and-healing-swade.db",
      "entity": "JournalEntry",
      "module": "swade-rules"
    },
    {
      "name": "Gear-Notes-SWADE",
      "label": "Gear Notes SWADE",
      "system": "swade",
      "path": "./packs/gear-notes-swade.db",
      "entity": "JournalEntry",
      "module": "swade-rules"
    },
    {
      "name": "Setting-Rules-SWADE",
      "label": "Setting Rules SWADE",
      "system": "swade",
      "path": "./packs/setting-rules-swade.db",
      "entity": "JournalEntry",
      "module": "swade-rules"
    },
    {
      "name": "Situational-Rules-SWADE",
      "label": "Situational Rules SWADE",
      "system": "swade",
      "path": "./packs/situational-rules-swade.db",
      "entity": "JournalEntry",
      "module": "swade-rules"
    },
    {
      "name": "Tables-SWADE",
      "label": "Tables SWADE",
      "system": "swade",
      "path": "./packs/tables-swade.db",
      "entity": "RollTable",
      "module": "swade-rules"
    }
  ]
}
